date_c,open_c,high_c,low_c,close_c
1590883200000.0,9697.72,9700.0,9381.41,9448.27
1590969600000.0,9448.27,10380.0,9421.67,10200.77
1591056000000.0,10202.71,10228.99,9266.0,9518.04
1591142400000.0,9518.02,9690.0,9365.21,9666.24
1591228800000.0,9666.32,9881.63,9450.0,9789.06
1591315200000.0,9788.14,9854.75,9581.0,9621.16
1591401600000.0,9621.17,9735.0,9531.05,9666.3
1591488000000.0,9666.85,9802.0,9372.46,9746.99
1591574400000.0,9746.99,9800.0,9633.0,9782.01
1591660800000.0,9782.0,9877.0,9570.0,9772.43
1591747200000.0,9772.44,9992.72,9704.18,9885.0
1591833600000.0,9885.22,9964.0,9113.0,9280.4
1591920000000.0,9278.88,9557.12,9232.51,9465.13
1592006400000.0,9464.96,9494.73,9351.0,9473.34
1592092800000.0,9473.34,9480.99,9245.0,9342.1
1592179200000.0,9342.1,9495.0,8910.45,9426.02
1592265600000.0,9426.05,9589.0,9373.09,9525.59
1592352000000.0,9526.97,9565.0,9236.61,9465.14
1592438400000.0,9465.13,9489.0,9280.0,9386.32
1592524800000.0,9386.32,9438.3,9215.79,9310.23
1592611200000.0,9310.23,9395.0,9170.95,9358.95
1592697600000.0,9358.95,9422.0,9281.54,9294.69
1592784000000.0,9294.69,9780.0,9277.09,9685.69
1592870400000.0,9685.69,9720.0,9577.03,9624.89
1592956800000.0,9624.33,9670.0,9208.0,9296.49
1593043200000.0,9298.33,9340.0,9009.69,9249.49
1593129600000.0,9249.49,9298.0,9045.45,9162.21
1593216000000.0,9162.21,9196.24,8833.0,9012.0
1593302400000.0,9012.0,9191.0,8948.06,9116.35
1593388800000.0,9116.16,9238.0,9024.67,9192.56
1593475200000.0,9192.93,9205.0,9064.89,9138.55
1593561600000.0,9138.08,9292.0,9080.1,9232.0
1593648000000.0,9231.99,9261.96,8940.0,9086.54
1593734400000.0,9086.54,9125.0,9037.47,9058.26
1593820800000.0,9057.79,9190.0,9040.04,9135.46
1593907200000.0,9135.0,9145.24,8893.03,9069.41
1593993600000.0,9069.41,9375.0,9055.92,9344.2
1594080000000.0,9342.47,9379.42,9203.0,9257.39
1594166400000.0,9257.4,9470.0,9231.0,9436.06
1594252800000.0,9436.06,9440.79,9160.0,9232.43
1594339200000.0,9232.42,9317.48,9125.0,9288.34
1594425600000.0,9288.34,9299.28,9178.25,9234.03
1594512000000.0,9234.02,9345.0,9157.5,9302.75
1594598400000.0,9303.31,9343.82,9200.89,9242.62
1594684800000.0,9242.61,9279.54,9113.0,9255.85
1594771200000.0,9255.85,9276.49,9160.57,9197.6
1594857600000.0,9197.6,9226.15,9047.25,9133.72
1594944000000.0,9133.72,9186.83,9089.81,9154.32
1595030400000.0,9154.31,9219.3,9121.1,9170.28
1595116800000.0,9170.3,9232.27,9101.35,9208.99
1595203200000.0,9208.99,9221.52,9131.0,9160.78
1595289600000.0,9160.78,9437.73,9152.8,9390.0
1595376000000.0,9390.0,9544.0,9261.0,9518.16
1595462400000.0,9518.16,9664.0,9440.33,9603.27
1595548800000.0,9603.27,9637.0,9463.44,9537.8
1595635200000.0,9538.1,9732.9,9513.0,9700.42
1595721600000.0,9700.42,10111.0,9650.0,9931.54
1595808000000.0,9931.54,11394.86,9917.21,11029.96
1595894400000.0,11029.96,11242.23,10565.0,10906.27
1595980800000.0,10906.27,11342.82,10812.0,11100.53
1596067200000.0,11100.52,11170.0,10831.0,11099.61
1596153600000.0,11099.79,11444.0,10960.0,11335.46
1596240000000.0,11335.46,11861.0,11220.0,11801.17
1596326400000.0,11801.17,12123.46,10518.5,11071.35
1596412800000.0,11071.36,11473.0,10936.0,11219.81
1596499200000.0,11219.68,11414.98,11000.0,11191.97
1596585600000.0,11191.99,11780.93,11093.0,11744.91
1596672000000.0,11744.91,11900.0,11562.5,11762.46
1596758400000.0,11762.47,11909.94,11322.0,11594.23
1596844800000.0,11594.36,11808.27,11512.0,11761.41
1596931200000.0,11761.02,11797.11,11521.97,11681.68
1597017600000.0,11681.69,12067.35,11450.0,11892.92
1597104000000.0,11892.9,11935.0,11125.0,11392.08
1597190400000.0,11392.09,11617.52,11150.0,11564.33
1597276800000.0,11564.34,11792.96,11270.36,11780.0
1597363200000.0,11779.77,11850.0,11634.03,11760.54
1597449600000.0,11760.55,11980.0,11680.0,11852.4
1597536000000.0,11852.4,11931.72,11686.0,11911.0
1597622400000.0,11910.99,12468.0,11769.78,12281.13
1597708800000.0,12281.15,12387.77,11817.93,11945.01
1597795200000.0,11945.1,12020.08,11561.0,11754.59
1597881600000.0,11754.38,11888.0,11668.0,11853.55
1597968000000.0,11853.54,11878.0,11485.81,11531.34
1598054400000.0,11531.23,11686.0,11376.81,11662.96
1598140800000.0,11663.51,11718.07,11514.13,11648.13
1598227200000.0,11648.12,11824.9,11585.09,11748.2
1598313600000.0,11748.19,11767.85,11117.64,11318.42
1598400000000.0,11318.42,11539.32,11244.0,11461.43
1598486400000.0,11461.42,11592.2,11125.0,11330.38
1598572800000.0,11330.38,11542.65,11276.89,11526.91
1598659200000.0,11526.9,11580.02,11417.04,11465.84
1598745600000.0,11465.84,11719.0,11458.0,11711.16
1598832000000.0,11711.17,11800.77,11570.0,11649.51
1598918400000.0,11649.51,12050.85,11515.0,11921.97
1599004800000.0,11921.97,11954.57,11160.1,11388.54
1599091200000.0,11388.54,11462.6,9960.8,10140.85
1599177600000.0,10138.29,10627.05,9875.5,10446.25
1599264000000.0,10446.25,10565.68,9825.0,10166.69
1599350400000.0,10166.69,10347.14,9994.86,10256.2
1599436800000.0,10255.89,10410.75,9875.0,10373.44
1599523200000.0,10373.45,10438.0,9850.0,10126.65
1599609600000.0,10126.66,10343.0,9981.01,10219.2
1599696000000.0,10219.29,10483.35,10070.83,10336.87
1599782400000.0,10336.86,10397.6,10200.0,10387.89
1599868800000.0,10387.89,10477.97,10269.25,10440.92
1599955200000.0,10440.67,10580.11,10200.0,10332.83
1600041600000.0,10332.84,10750.0,10212.34,10671.77
1600128000000.0,10671.77,10930.04,10606.48,10785.31
1600214400000.0,10785.23,11093.0,10661.22,10954.01
1600300800000.0,10954.01,11045.46,10745.83,10939.99
1600387200000.0,10940.0,11038.03,10812.84,10933.39
1600473600000.0,10933.4,11179.79,10887.37,11080.65
1600560000000.0,11080.64,11080.64,10723.0,10920.28
1600646400000.0,10920.28,10988.86,10296.35,10417.22
1600732800000.0,10417.22,10572.71,10353.0,10529.61
1600819200000.0,10529.61,10537.15,10136.82,10241.46
1600905600000.0,10241.46,10795.24,10190.93,10736.32
1600992000000.0,10736.33,10760.53,10556.24,10686.67
1601078400000.0,10686.57,10820.94,10644.68,10728.6
1601164800000.0,10728.59,10799.0,10594.82,10774.25
1601251200000.0,10774.26,10950.0,10626.0,10696.12
1601337600000.0,10696.11,10867.54,10635.87,10840.48
1601424000000.0,10840.58,10849.34,10665.13,10776.59
1601510400000.0,10776.59,10920.0,10437.0,10619.13
1601596800000.0,10619.13,10664.64,10374.0,10570.4
1601683200000.0,10570.4,10603.56,10496.46,10542.06
1601769600000.0,10542.07,10696.87,10517.87,10666.63
1601856000000.0,10666.62,10798.0,10615.64,10792.21
1601942400000.0,10792.2,10800.0,10525.0,10599.66
1602028800000.0,10599.65,10681.87,10546.17,10666.39
1602115200000.0,10666.4,10950.0,10530.41,10925.57
1602201600000.0,10925.44,11104.64,10829.0,11050.64
1602288000000.0,11050.64,11491.0,11050.51,11293.22
1602374400000.0,11293.22,11445.0,11221.0,11369.02
1602460800000.0,11369.02,11720.01,11172.0,11528.25
1602547200000.0,11528.24,11557.0,11300.0,11420.56
1602633600000.0,11420.57,11547.98,11280.0,11417.89
1602720000000.0,11417.89,11617.34,11250.83,11505.12
1602806400000.0,11505.13,11541.15,11200.0,11319.32
1602892800000.0,11319.24,11402.42,11255.0,11360.2
1602979200000.0,11360.31,11505.0,11346.22,11503.14
1603065600000.0,11503.14,11823.99,11407.96,11751.47
1603152000000.0,11751.46,12038.38,11677.59,11909.99
1603238400000.0,11910.0,13217.68,11886.95,12780.96
1603324800000.0,12780.75,13185.0,12678.08,12968.52
1603411200000.0,12968.84,13027.69,12720.08,12923.07
1603497600000.0,12923.06,13166.73,12870.0,13111.73
1603584000000.0,13111.73,13350.0,12888.0,13028.83
1603670400000.0,13029.64,13238.81,12765.0,13052.19
1603756800000.0,13052.15,13789.29,13019.87,13636.17
1603843200000.0,13636.16,13859.48,12888.0,13266.4
1603929600000.0,13266.4,13642.91,12920.77,13455.7
1604016000000.0,13455.69,13669.98,13115.0,13560.1
1604102400000.0,13560.1,14100.0,13411.5,13791.0
1604188800000.0,13791.0,13895.0,13603.0,13761.5
1604275200000.0,13761.49,13830.0,13195.05,13549.37
1604361600000.0,13549.63,14066.11,13284.99,14023.53
1604448000000.0,14023.53,14259.0,13525.0,14144.01
1604534400000.0,14144.01,15750.0,14093.56,15590.02
1604620800000.0,15590.02,15960.0,15166.0,15579.92
1604707200000.0,15579.93,15753.52,14344.22,14818.3
1604793600000.0,14818.3,15650.0,14703.88,15475.1
1604880000000.0,15475.1,15840.0,14805.54,15328.41
1604966400000.0,15328.41,15460.0,15072.46,15297.21
1605052800000.0,15297.21,15965.0,15272.68,15684.24
1605139200000.0,15684.25,16340.7,15440.64,16291.86
1605225600000.0,16291.85,16480.0,15952.35,16320.7
1605312000000.0,16320.04,16326.99,15670.0,16070.45
1605398400000.0,16069.56,16180.0,15774.72,15957.0
1605484800000.0,15957.0,16880.0,15864.0,16713.57
1605571200000.0,16713.08,17858.82,16538.0,17659.38
1605657600000.0,17659.38,18476.93,17214.45,17776.12
1605744000000.0,17777.75,18179.8,17335.65,17802.82
1605830400000.0,17802.81,18815.22,17740.04,18655.67
1605916800000.0,18655.66,18965.9,18308.58,18703.8
1606003200000.0,18703.8,18750.0,17610.86,18414.43
1606089600000.0,18413.88,18766.0,18000.0,18368.0
1606176000000.0,18368.01,19418.97,18018.0,19160.01
1606262400000.0,19160.0,19484.21,18500.27,18719.11
1606348800000.0,18718.83,18915.03,16188.0,17149.47
1606435200000.0,17149.47,17457.62,16438.08,17139.52
1606521600000.0,17139.53,17880.49,16865.56,17719.85
1606608000000.0,17719.84,18360.05,17517.0,18184.99
1606694400000.0,18185.0,19863.16,18184.99,19695.87
1606780800000.0,19695.87,19888.0,18001.12,18764.96
1606867200000.0,18764.96,19342.0,18330.0,19204.09
1606953600000.0,19204.08,19598.0,18867.2,19421.9
1607040000000.0,19422.34,19527.0,18565.31,18650.52
1607126400000.0,18650.51,19177.0,18500.0,19147.66
1607212800000.0,19147.66,19420.0,18857.0,19359.4
1607299200000.0,19358.67,19420.91,18902.88,19166.9
1607385600000.0,19166.9,19294.84,18200.0,18324.11
1607472000000.0,18324.11,18639.57,17650.0,18541.28
1607558400000.0,18541.29,18557.32,17911.12,18254.63
1607644800000.0,18254.81,18292.73,17572.33,18036.53
1607731200000.0,18036.53,18948.66,18020.7,18808.69
1607817600000.0,18808.69,19411.0,18711.12,19174.99
1607904000000.0,19174.99,19349.0,19000.0,19273.14
1607990400000.0,19273.69,19570.0,19050.0,19426.43
1608076800000.0,19426.43,21560.0,19278.6,21335.52
1608163200000.0,21335.52,23800.0,21230.0,22797.16
1608249600000.0,22797.15,23285.18,22350.0,23107.39
1608336000000.0,23107.39,24171.47,22750.0,23821.61
1608422400000.0,23821.6,24295.0,23060.0,23455.52
1608508800000.0,23455.54,24102.77,21815.0,22719.71
1608595200000.0,22719.88,23837.1,22353.4,23810.79
1608681600000.0,23810.79,24100.0,22600.0,23232.76
1608768000000.0,23232.39,23794.43,22703.42,23729.2
1608854400000.0,23728.99,24789.86,23433.6,24712.47
1608940800000.0,24712.47,26867.03,24500.0,26493.39
1609027200000.0,26493.4,28422.0,25700.0,26281.66
1609113600000.0,26281.54,27500.0,26101.0,27079.41
1609200000000.0,27079.42,27410.0,25880.0,27385.0
1609286400000.0,27385.0,28996.0,27320.0,28875.54
1609372800000.0,28875.55,29300.0,27850.0,28923.63
1609459200000.0,28923.63,29600.0,28624.57,29331.69
1609545600000.0,29331.7,33300.0,28946.53,32178.33
1609632000000.0,32176.45,34778.11,31962.99,33000.05
1609718400000.0,33000.05,33600.0,28130.0,31988.71
1609804800000.0,31989.75,34360.0,29900.0,33949.53
1609891200000.0,33949.53,36939.21,33288.0,36769.36
1609977600000.0,36769.36,40365.0,36300.0,39432.28
1610064000000.0,39432.48,41950.0,36500.0,40582.81
1610150400000.0,40586.96,41380.0,38720.0,40088.22
1610236800000.0,40088.22,41350.0,35111.11,38150.02
1610323200000.0,38150.02,38264.74,30420.0,35404.47
1610409600000.0,35410.37,36628.0,32531.0,34051.24
1610496000000.0,34049.15,37850.0,32380.0,37371.38
1610582400000.0,37371.38,40100.0,36701.23,39144.5
1610668800000.0,39145.21,39747.76,34408.0,36742.22
1610755200000.0,36737.43,37950.0,35357.8,35994.98
1610841600000.0,35994.98,36852.5,33850.0,35828.61
1610928000000.0,35824.99,37469.83,34800.0,36631.27
1611014400000.0,36622.46,37850.0,35844.06,35891.49
1611100800000.0,35901.94,36415.31,33400.0,35468.23
1611187200000.0,35468.23,35600.0,30071.0,30850.13
1611273600000.0,30851.99,33826.53,28850.0,32945.17
1611360000000.0,32950.0,33456.0,31390.16,32078.0
1611446400000.0,32078.0,33071.0,30900.0,32259.9
1611532800000.0,32259.45,34875.0,31910.0,32254.2
1611619200000.0,32254.19,32921.88,30837.37,32467.77
1611705600000.0,32464.01,32557.29,29241.72,30366.15
1611792000000.0,30362.19,33783.98,29842.1,33364.86
1611878400000.0,33368.18,38531.9,31915.4,34252.2
1611964800000.0,34246.28,34933.0,32825.0,34262.88
1612051200000.0,34262.89,34342.69,32171.67,33092.98
1612137600000.0,33092.97,34717.27,32296.16,33526.37
1612224000000.0,33517.09,35984.33,33418.0,35466.24
1612310400000.0,35472.71,37662.63,35362.38,37618.87
1612396800000.0,37620.26,38708.27,36161.95,36936.66
1612483200000.0,36936.65,38310.12,36570.0,38290.24
1612569600000.0,38289.32,40955.51,38215.94,39186.94
1612656000000.0,39181.01,39700.0,37351.0,38795.69
1612742400000.0,38795.69,46794.45,37988.89,46374.87
1612828800000.0,46374.86,48142.19,44961.09,46420.42
1612915200000.0,46420.42,47310.0,43727.0,44807.58
1613001600000.0,44807.58,48678.9,43994.02,47969.51
1613088000000.0,47968.66,48985.8,46125.0,47287.6
1613174400000.0,47298.15,48150.0,46202.53,47153.69
1613260800000.0,47156.78,49707.43,47014.17,48577.79
1613347200000.0,48580.47,49010.92,45570.79,47911.1
1613433600000.0,47911.1,50689.18,47003.62,49133.45
1613520000000.0,49133.45,52618.74,48947.0,52119.71
1613606400000.0,52117.67,52530.0,50901.9,51552.6
1613692800000.0,51552.61,56368.0,50710.2,55906.0
1613779200000.0,55906.0,57700.46,53863.93,55841.19
1613865600000.0,55841.19,58352.8,55477.59,57408.57
1613952000000.0,57412.35,57508.47,47622.0,54087.67
1614038400000.0,54087.67,54183.59,44892.56,48891.0
1614124800000.0,48891.0,51374.99,46988.69,49676.2
1614211200000.0,49676.21,52041.73,46674.34,47073.73
1614297600000.0,47073.73,48424.11,44106.78,46276.87
1614384000000.0,46276.88,48394.0,45000.0,46106.43
1614470400000.0,46103.67,46638.46,43000.0,45135.66
1614556800000.0,45134.11,49790.0,44950.53,49587.03
1614643200000.0,49595.76,50200.0,47047.6,48440.65
1614729600000.0,48436.61,52640.0,48100.71,50349.37
1614816000000.0,50349.37,51773.88,47500.0,48374.09
1614902400000.0,48374.09,49448.93,46300.0,48751.71
1614988800000.0,48746.81,49200.0,47070.0,48882.2
1615075200000.0,48882.2,51450.03,48882.2,50971.75
1615161600000.0,50959.11,52402.78,49274.67,52375.17
1615248000000.0,52375.18,54895.0,51789.41,54884.5
1615334400000.0,54874.67,57387.69,53005.0,55851.59
1615420800000.0,55851.59,58150.0,54272.82,57773.16
1615507200000.0,57773.15,58081.51,54962.84,57221.72
1615593600000.0,57221.72,61844.0,56078.23,61188.39
1615680000000.0,61188.38,61724.79,58966.78,58968.31
1615766400000.0,58976.08,60633.43,54600.0,55605.2
1615852800000.0,55605.2,56938.29,53271.34,56900.75
1615939200000.0,56900.74,58974.73,54123.69,58912.97
1616025600000.0,58912.97,60129.97,57023.0,57648.16
1616112000000.0,57641.0,59468.0,56270.74,58030.01
1616198400000.0,58030.01,59880.0,57820.17,58102.28
1616284800000.0,58100.02,58589.1,55450.11,57351.56
1616371200000.0,57351.56,58430.73,53650.0,54083.25
1616457600000.0,54083.25,55830.9,53000.0,54340.89
1616544000000.0,54342.8,57200.0,51700.0,52303.65
1616630400000.0,52303.66,53287.0,50427.56,51293.78
1616716800000.0,51293.78,55073.46,51214.6,55025.59
1616803200000.0,55025.59,56700.36,53950.0,55817.14
1616889600000.0,55817.14,56559.75,54691.84,55777.63
1616976000000.0,55777.65,58405.82,54800.01,57635.47
1617062400000.0,57635.46,59368.0,57071.35,58746.57
1617148800000.0,58746.57,59800.0,56769.0,58740.55
1617235200000.0,58739.46,59490.0,57935.45,58720.44
1617321600000.0,58720.45,60200.0,58428.57,58950.01
1617408000000.0,58950.01,59791.72,56880.0,57051.94
1617494400000.0,57051.95,58492.85,56388.0,58202.01
1617580800000.0,58202.01,59272.0,56777.77,59129.99
1617667200000.0,59129.99,59495.24,57413.02,57991.15
1617753600000.0,57990.03,58655.0,55473.0,55953.45
1617840000000.0,55953.44,58153.31,55700.0,58077.52
1617926400000.0,58077.52,58894.9,57654.0,58142.54
1618012800000.0,58142.55,61500.0,57900.01,59769.13
1618099200000.0,59769.13,60699.0,59232.52,60002.43
1618185600000.0,59998.8,61300.0,59350.59,59860.0
1618272000000.0,59860.01,63777.77,59805.15,63575.0
1618358400000.0,63575.01,64854.0,61301.0,62959.53
1618444800000.0,62959.53,63800.0,62020.0,63159.98
1618531200000.0,63158.74,63520.61,60000.0,61334.8
1618617600000.0,61334.81,62506.05,59580.91,60006.66
1618704000000.0,60006.67,60499.0,50931.3,56150.01
1618790400000.0,56150.01,57526.81,54221.58,55633.14
1618876800000.0,55633.14,57076.24,53329.96,56425.0
1618963200000.0,56425.0,56757.91,53536.02,53787.63
1619049600000.0,53787.62,55521.48,50500.0,51690.96
1619136000000.0,51690.95,52131.85,47500.0,51125.14
1619222400000.0,51110.56,51166.22,48657.14,50047.84
1619308800000.0,50047.84,50567.91,46930.0,49066.77
1619395200000.0,49066.76,54356.62,48753.44,54001.39
1619481600000.0,54001.38,55460.0,53222.0,55011.97
1619568000000.0,55011.97,56428.0,53813.16,54846.22
1619654400000.0,54846.23,55195.84,52330.94,53555.0
1619740800000.0,53555.0,57963.0,53013.01,57694.27
1619827200000.0,57697.25,58458.07,56956.14,57800.37
1619913600000.0,57797.35,57911.02,56035.25,56578.21
1620000000000.0,56578.21,58981.44,56435.0,57169.39
1620086400000.0,57169.39,57200.0,53046.69,53200.01
1620172800000.0,53205.05,58069.82,52900.0,57436.11
1620259200000.0,57436.11,58360.0,55200.0,56393.68
1620345600000.0,56393.68,58650.0,55241.63,57314.75
1620432000000.0,57315.49,59500.0,56900.0,58862.05
1620518400000.0,58866.53,59300.0,56235.66,58240.84
1620604800000.0,58240.83,59500.0,53400.0,55816.14
1620691200000.0,55816.14,56862.43,54370.0,56670.02
1620777600000.0,56670.02,58000.01,48600.0,49631.32
1620864000000.0,49537.15,51367.19,46000.0,49670.97
1620950400000.0,49671.92,51483.0,48799.75,49841.45
1621036800000.0,49844.16,50700.0,46555.0,46762.99
1621123200000.0,46762.99,49795.89,43825.39,46431.5
1621209600000.0,46426.83,46686.0,42001.0,43538.04
1621296000000.0,43538.02,45799.29,42250.02,42849.78
1621382400000.0,42849.78,43584.9,30000.0,36690.09
1621468800000.0,36671.23,42451.67,34850.0,40526.64
1621555200000.0,40525.39,42200.0,33488.0,37252.01
1621641600000.0,37263.35,38829.0,35200.62,37449.73
1621728000000.0,37458.51,38270.64,31111.01,34655.25
1621814400000.0,34681.44,39920.0,34031.0,38796.29
1621900800000.0,38810.99,39791.77,36419.62,38324.72
1621987200000.0,38324.72,40841.0,37800.44,39241.91
1622073600000.0,39241.92,40411.14,37134.27,38529.98
1622160000000.0,38529.99,38877.83,34684.0,35663.49
1622246400000.0,35661.79,37338.58,33632.76,34605.15
1622332800000.0,34605.15,36488.0,33379.0,35641.27
1622419200000.0,35641.26,37499.0,34153.84,37253.81
1622505600000.0,37253.82,37894.81,35666.0,36693.09
1622592000000.0,36694.85,38225.0,35920.0,37568.68
1622678400000.0,37568.68,39476.0,37170.0,39246.79
1622764800000.0,39246.78,39289.07,35555.15,36829.0
1622851200000.0,36829.15,37925.0,34800.0,35513.2
1622937600000.0,35516.07,36480.0,35222.0,35796.31
1623024000000.0,35796.31,36900.0,33300.0,33552.79
1623110400000.0,33556.96,34068.01,31000.0,33380.81
1623196800000.0,33380.8,37534.79,32396.82,37388.05
1623283200000.0,37388.05,38491.0,35782.0,36675.72
1623369600000.0,36677.83,37680.4,35936.77,37331.98
1623456000000.0,37331.98,37463.63,34600.36,35546.11
1623542400000.0,35546.12,39380.0,34757.0,39020.57
1623628800000.0,39020.56,41064.05,38730.0,40516.29
1623715200000.0,40516.28,41330.0,39506.4,40144.04
1623801600000.0,40143.8,40527.14,38116.01,38349.01
1623888000000.0,38349.0,39559.88,37365.0,38092.97
1623974400000.0,38092.97,38202.84,35129.29,35819.84
1624060800000.0,35820.48,36457.0,34803.52,35483.72
1624147200000.0,35483.72,36137.72,33336.0,35600.16
1624233600000.0,35600.17,35750.0,31251.23,31608.93
1624320000000.0,31614.12,33298.78,28805.0,32509.56
1624406400000.0,32509.56,34881.0,31683.0,33678.07
1624492800000.0,33675.07,35298.0,32286.57,34663.09
1624579200000.0,34663.08,35500.0,31275.0,31584.45
1624665600000.0,31576.09,32730.0,30151.0,32283.65
1624752000000.0,32283.65,34749.0,31973.45,34700.34
1624838400000.0,34702.49,35297.71,33862.72,34494.89
1624924800000.0,34494.89,36600.0,34225.43,35911.73
1625011200000.0,35911.72,36100.0,34017.55,35045.0
1625097600000.0,35045.0,35057.57,32711.0,33504.69
1625184000000.0,33502.33,33977.04,32699.0,33786.55
1625270400000.0,33786.54,34945.61,33316.73,34669.13
1625356800000.0,34669.12,35967.85,34357.15,35286.51
1625443200000.0,35288.13,35293.78,33125.55,33690.14
1625529600000.0,33690.15,35118.88,33532.0,34220.01
1625616000000.0,34220.02,35059.09,33777.77,33862.12
1625702400000.0,33862.11,33929.64,32077.0,32875.71
1625788800000.0,32875.71,34100.0,32261.07,33815.81
1625875200000.0,33815.81,34262.0,33004.78,33502.87
1625961600000.0,33502.87,34666.0,33306.47,34258.99
1626048000000.0,34259.0,34678.43,32658.34,33086.63
1626134400000.0,33086.94,33340.0,32202.25,32729.77
1626220800000.0,32729.12,33114.03,31550.0,32820.02
1626307200000.0,32820.03,33185.25,31133.0,31880.0
1626393600000.0,31874.49,32249.18,31020.0,31383.87
1626480000000.0,31383.86,31955.92,31164.31,31520.07
1626566400000.0,31520.07,32435.0,31108.97,31778.56
1626652800000.0,31778.57,31899.0,30407.44,30839.65
1626739200000.0,30839.65,31063.07,29278.0,29790.35
1626825600000.0,29790.34,32858.0,29482.61,32144.51
1626912000000.0,32144.51,32591.35,31708.0,32287.83
1626998400000.0,32287.58,33650.0,31924.32,33634.09
1627084800000.0,33634.1,34500.0,33401.14,34258.14
1627171200000.0,34261.51,35398.0,33851.12,35381.02
1627257600000.0,35381.02,40550.0,35205.78,37237.6
1627344000000.0,37241.33,39542.61,36383.0,39457.87
1627430400000.0,39456.61,40900.0,38772.0,40019.56
1627516800000.0,40019.57,40640.0,39200.0,40016.48
1627603200000.0,40018.49,42316.71,38313.23,42206.37
1627689600000.0,42206.36,42448.0,41000.15,41461.83
1627776000000.0,41461.84,42599.0,39422.01,39845.44
1627862400000.0,39850.27,40480.01,38690.0,39147.82
1627948800000.0,39146.86,39780.0,37642.03,38207.05
1628035200000.0,38207.04,39969.66,37508.56,39723.18
1628121600000.0,39723.17,41350.0,37332.7,40862.46
1628208000000.0,40862.46,43392.43,39853.86,42836.87
1628294400000.0,42836.87,44700.0,42446.41,44572.54
1628380800000.0,44572.54,45310.0,43261.0,43794.37
1628467200000.0,43794.36,46454.15,42779.0,46253.4
1628553600000.0,46248.87,46700.0,44589.46,45584.99
1628640000000.0,45585.0,46743.47,45341.14,45511.0
1628726400000.0,45510.67,46218.12,43770.0,44399.0
1628812800000.0,44400.06,47886.0,44217.39,47800.0
1628899200000.0,47799.99,48144.0,45971.03,47068.51
1628985600000.0,47068.5,47372.27,45500.0,46973.82
1629072000000.0,46973.82,48053.83,45660.0,45901.29
1629158400000.0,45901.3,47160.0,44376.0,44695.95
1629244800000.0,44695.95,46000.0,44203.28,44705.29
1629331200000.0,44699.37,47033.0,43927.7,46760.62
1629417600000.0,46760.62,49382.99,46622.99,49322.47
1629504000000.0,49322.47,49757.04,48222.0,48821.87
1629590400000.0,48821.88,49500.0,48050.0,49239.22
1629676800000.0,49239.22,50500.0,49029.0,49488.85
1629763200000.0,49488.85,49860.0,47600.0,47674.01
1629849600000.0,47674.01,49264.3,47126.28,48973.32
1629936000000.0,48973.32,49352.84,46250.0,46843.87
1630022400000.0,46843.86,49149.93,46348.0,49069.9
1630108800000.0,49069.9,49299.0,48346.88,48895.35
1630195200000.0,48895.35,49632.27,47762.54,48767.83
1630281600000.0,48767.84,48888.61,46853.0,46982.91
1630368000000.0,46982.91,48246.11,46700.0,47100.89
1630454400000.0,47100.89,49156.0,46512.0,48810.52
1630540800000.0,48810.51,50450.13,48584.06,49246.64
1630627200000.0,49246.63,51000.0,48316.84,49999.14
1630713600000.0,49998.0,50535.69,49370.0,49915.64
1630800000000.0,49917.54,51900.0,49450.0,51756.88
1630886400000.0,51756.88,52780.0,50969.33,52663.9
1630972800000.0,52666.2,52920.0,42843.05,46863.73
1631059200000.0,46868.57,47340.99,44412.02,46048.31
1631145600000.0,46048.31,47399.97,45513.08,46395.14
1631232000000.0,46395.14,47033.0,44132.29,44850.91
1631318400000.0,44842.2,45987.93,44722.22,45173.69
1631404800000.0,45173.68,46460.0,44742.06,46025.24
1631491200000.0,46025.23,46880.0,43370.0,44940.73
1631577600000.0,44940.72,47250.0,44594.44,47111.52
1631664000000.0,47103.28,48500.0,46682.32,48121.41
1631750400000.0,48121.4,48557.0,47021.1,47737.82
1631836800000.0,47737.81,48150.0,46699.56,47299.98
1631923200000.0,47299.98,48843.2,47035.56,48292.74
1632009600000.0,48292.75,48372.83,46829.18,47241.75
1632096000000.0,47241.75,47347.25,42500.0,43015.62
1632182400000.0,43016.64,43639.0,39600.0,40734.38
1632268800000.0,40734.09,44000.55,40565.39,43543.61
1632355200000.0,43546.37,44978.0,43069.09,44865.26
1632441600000.0,44865.26,45200.0,40675.0,42810.57
1632528000000.0,42810.58,42966.84,41646.28,42670.64
1632614400000.0,42670.63,43950.0,40750.0,43160.9
1632700800000.0,43160.9,44350.0,42098.0,42147.35
1632787200000.0,42147.35,42787.38,40888.0,41026.54
1632873600000.0,41025.01,42590.0,40753.88,41524.28
1632960000000.0,41524.29,44141.37,41410.17,43824.1
1633046400000.0,43820.01,48495.0,43283.03,48141.61
1633132800000.0,48141.6,48336.59,47430.18,47634.9
1633219200000.0,47634.89,49228.08,47088.0,48200.01
1633305600000.0,48200.01,49536.12,46891.0,49224.94
1633392000000.0,49224.93,51886.3,49022.4,51471.99
1633478400000.0,51471.99,55750.0,50382.41,55315.0
1633564800000.0,55315.0,55332.31,53357.0,53785.22
1633651200000.0,53785.22,56100.0,53617.61,53951.43
1633737600000.0,53955.67,55489.0,53661.67,54949.72
1633824000000.0,54949.72,56561.31,54080.0,54659.0
1633910400000.0,54659.01,57839.04,54415.06,57471.35
1633996800000.0,57471.35,57680.0,55523.25,55568.01
